{"frames":{"New Piskel0.png":{"frame":{"x":0,"y":0,"w":1024,"h":1024},"rotated":false,"trimmed":false,"spriteSourceSize":{"x":0,"y":0,"w":1024,"h":1024},"sourceSize":{"w":1024,"h":1024}},"New Piskel1.png":{"frame":{"x":1024,"y":0,"w":1024,"h":1024},"rotated":false,"trimmed":false,"spriteSourceSize":{"x":0,"y":0,"w":1024,"h":1024},"sourceSize":{"w":1024,"h":1024}},"New Piskel2.png":{"frame":{"x":0,"y":1024,"w":1024,"h":1024},"rotated":false,"trimmed":false,"spriteSourceSize":{"x":0,"y":0,"w":1024,"h":1024},"sourceSize":{"w":1024,"h":1024}},"New Piskel3.png":{"frame":{"x":1024,"y":1024,"w":1024,"h":1024},"rotated":false,"trimmed":false,"spriteSourceSize":{"x":0,"y":0,"w":1024,"h":1024},"sourceSize":{"w":1024,"h":1024}}},"meta":{"app":"https://github.com/piskelapp/piskel/","version":"1.0","image":"New Piskel.png","format":"RGBA8888","size":{"w":2048,"h":2048}}}